Card Name,Card Description,Labels,Members,Due Date,Start Date,List Name,Checklist,Checklist item,Checklist item due,Checklist item member,,
Tarea: Instalar Node.js y NPM,Tarea: Instalar Node.js y NPM,Tarea: Instalar Node.js y NPM,,,,,,,,,,
Tarea: Configurar el entorno de desarrollo con nodemon para reinicio automático,Tarea: Configurar el entorno de desarrollo con nodemon para reinicio automático,Tarea: Configurar el entorno de desarrollo con nodemon para reinicio automático,,,,,,,,,,
Tarea: Inicializar el proyecto con npm init y configurar el archivo package.json,Tarea: Inicializar el proyecto con npm init y configurar el archivo package.json,Tarea: Inicializar el proyecto con npm init y configurar el archivo package.json,,,,,,,,,,
Tarea: Instalar Express.js y configurar el servidor,Tarea: Instalar Express.js y configurar el servidor,Tarea: Instalar Express.js y configurar el servidor,,,,,,,,,,
Tarea: Configurar middleware para parsing de JSON,Tarea: Configurar middleware para parsing de JSON,Tarea: Configurar middleware para parsing de JSON,,,,,,,,,,
Tarea: Instalar y configurar Mongoose,Tarea: Instalar y configurar Mongoose,Tarea: Instalar y configurar Mongoose,,,,,,,,,,
Tarea: Diseñar esquemas de datos para usuarios,Tarea: Diseñar esquemas de datos para usuarios,Tarea: Diseñar esquemas de datos para usuarios,,,,,,,,,,
Tarea: Implementar relaciones entre esquemas y crear índices para optimización,Tarea: Implementar relaciones entre esquemas y crear índices para optimización,Tarea: Implementar relaciones entre esquemas y crear índices para optimización,,,,,,,,,,
Tarea: Configurar el archivo .env para variables de entorno seguras,Tarea: Configurar el archivo .env para variables de entorno seguras,Tarea: Configurar el archivo .env para variables de entorno seguras,,,,,,,,,,
Tarea: Escribir scripts para la conexión y reconexión automática a MongoDB,Tarea: Escribir scripts para la conexión y reconexión automática a MongoDB,Tarea: Escribir scripts para la conexión y reconexión automática a MongoDB,,,,,,,,,,
Tarea: Configurar manejo de errores de base de datos y logging,Tarea: Configurar manejo de errores de base de datos y logging,Tarea: Configurar manejo de errores de base de datos y logging,,,,,,,,,,
Tarea: Desarrollar lógica de registro con hashing de contraseñas,Tarea: Desarrollar lógica de registro con hashing de contraseñas,Tarea: Desarrollar lógica de registro con hashing de contraseñas,,,,,,,,,,
Tarea: Implementar autenticación JWT y refresh tokens,Tarea: Implementar autenticación JWT y refresh tokens,Tarea: Implementar autenticación JWT y refresh tokens,,,,,,,,,,
Tarea: Crear rutas para manejo de autenticación y autorización,Tarea: Crear rutas para manejo de autenticación y autorización,Tarea: Crear rutas para manejo de autenticación y autorización,,,,,,,,,,
Tarea: Crear controladores para operaciones CRUD de usuarios,Tarea: Crear controladores para operaciones CRUD de usuarios,Tarea: Crear controladores para operaciones CRUD de usuarios,,,,,,,,,,
Tarea: Definir rutas RESTful para el manejo de usuarios,Tarea: Definir rutas RESTful para el manejo de usuarios,Tarea: Definir rutas RESTful para el manejo de usuarios,,,,,,,,,,
Tarea: Crear controladores para operaciones CRUD de tarjetas,Tarea: Crear controladores para operaciones CRUD de tarjetas,Tarea: Crear controladores para operaciones CRUD de tarjetas,,,,,,,,,,
Tarea: Definir rutas RESTful para el manejo de tarjetas,Tarea: Definir rutas RESTful para el manejo de tarjetas,Tarea: Definir rutas RESTful para el manejo de tarjetas,,,,,,,,,,
Tarea: Crear controladores para operaciones CRUD de asistentes,Tarea: Crear controladores para operaciones CRUD de asistentes,Tarea: Crear controladores para operaciones CRUD de asistentes,,,,,,,,,,
Tarea: Definir rutas RESTful para el manejo de asistentes,Tarea: Definir rutas RESTful para el manejo de asistentes,Tarea: Definir rutas RESTful para el manejo de asistentes,,,,,,,,,,
Tarea: Configurar HTTPS y certificados SSL/TLS para seguridad en la transmisión de datos,Tarea: Configurar HTTPS y certificados SSL/TLS para seguridad en la transmisión de datos,Tarea: Configurar HTTPS y certificados SSL/TLS para seguridad en la transmisión de datos,,,,,,,,,,
Tarea: Implementar medidas de seguridad como Helmet y rate limiting,Tarea: Implementar medidas de seguridad como Helmet y rate limiting,Tarea: Implementar medidas de seguridad como Helmet y rate limiting,,,,,,,,,,
Tarea: Implementar caching con Redis o similar para las consultas frecuentes,Tarea: Implementar caching con Redis o similar para las consultas frecuentes,Tarea: Implementar caching con Redis o similar para las consultas frecuentes,,,,,,,,,,
Tarea: Optimizar consultas a la base de datos y el uso de índices,Tarea: Optimizar consultas a la base de datos y el uso de índices,Tarea: Optimizar consultas a la base de datos y el uso de índices,,,,,,,,,,
Tarea: Configurar un entorno de pruebas con Jest o Mocha/Chai,Tarea: Configurar un entorno de pruebas con Jest o Mocha/Chai,Tarea: Configurar un entorno de pruebas con Jest o Mocha/Chai,,,,,,,,,,
Tarea: Escribir pruebas para cada endpoint y funcionalidad,Tarea: Escribir pruebas para cada endpoint y funcionalidad,Tarea: Escribir pruebas para cada endpoint y funcionalidad,,,,,,,,,,
Tarea: Implementar documentación con Swagger o ApiDoc,Tarea: Implementar documentación con Swagger o ApiDoc,Tarea: Implementar documentación con Swagger o ApiDoc,,,,,,,,,,
Tarea: Generar y mantener actualizada la documentación para desarrolladores,Tarea: Generar y mantener actualizada la documentación para desarrolladores,Tarea: Generar y mantener actualizada la documentación para desarrolladores,,,,,,,,,,
Tarea: Configurar contenedores con Docker para el despliegue,Tarea: Configurar contenedores con Docker para el despliegue,Tarea: Configurar contenedores con Docker para el despliegue,,,,,,,,,,
Tarea: Preparar scripts de despliegue y CI/CD con herramientas como Jenkins o GitHub Actions,Tarea: Preparar scripts de despliegue y CI/CD con herramientas como Jenkins o GitHub Actions,Tarea: Preparar scripts de despliegue y CI/CD con herramientas como Jenkins o GitHub Actions,,,,,,,,,,
Tarea: Configurar herramientas de monitoreo como Prometheus y Grafana,Tarea: Configurar herramientas de monitoreo como Prometheus y Grafana,Tarea: Configurar herramientas de monitoreo como Prometheus y Grafana,,,,,,,,,,
Tarea: Implementar sistemas de logging centralizado con ELK Stack o similar,Tarea: Implementar sistemas de logging centralizado con ELK Stack o similar,Tarea: Implementar sistemas de logging centralizado con ELK Stack o similar,,,,,,,,,,